{
  "scripts\\abilities_manager.gd": 1774638129.1829467,
  "scripts\\ability_base.gd": 1774501712.6223693,
  "scripts\\camera_follow.gd": 1775623204.8767543,
  "scripts\\dash_component.gd": 1775623204.8787582,
  "scripts\\enemy.gd": 1775800011.295771,
  "scripts\\enemy_projectile.gd": 1775627095.7359302,
  "scripts\\game.gd": 1775328617.0597436,
  "scripts\\health.gd": 1774758804.4174564,
  "scripts\\hud.gd": 1774762488.2311063,
  "scripts\\loadout.gd": 1774638393.0815735,
  "scripts\\mana.gd": 1774638388.851071,
  "scripts\\player_move.gd": 1775627408.8342268,
  "scripts\\player_projectile.gd": 1775797242.547452,
  "scripts\\recoil_component.gd": 1775623204.8800025,
  "scripts\\shoot_component.gd": 1775623657.3720715,
  "scripts\\walljump.gd": 1774638434.1463988,
  "ARCHITECTURE.md": 1775623204.86482,
  "CHANGES.md": 1774554827.9812286,
  "README.md": 1774338726.963683,
  "ROADMAP_TRACKER.md": 1774621179.8296282,
  "scenes\\enemy_projectile_sc.tscn": 1775844842.6262507,
  "scenes\\enemy_sc.tscn": 1775799170.5364408,
  "scenes\\game_sc.tscn": 1775623400.1007335,
  "scenes\\health_sc.tscn": 1775797353.3620024,
  "scenes\\hud.tscn": 1774762465.7104456,
  "scenes\\mana_sc.tscn": 1774762417.0001647,
  "scenes\\player_projectile_sc.tscn": 1775800026.721938,
  "scenes\\player_sc.tscn": 1775800071.654285,
  "project.godot": 1775847071.2496934,
  "icon.svg": 1774286591.6093667,
  "assets\\Dungeon Tile Set.png": 1774440733.7280283,
  "assets\\Enemy_Projectile_Sprite.png": 1775623204.866819,
  "assets\\Flying_Enemy_Sprite.png": 1775623204.8692348,
  "assets\\Player_Projectile_Sprite.png": 1775623204.8712344,
  "assets\\Player_Shoot_Animation.png": 1774554827.983232,
  "assets\\Player_Sprite-sheet.png": 1774554827.983232,
  "assets\\Player_Sprite.png": 1774440733.730029,
  "assets\\Enemy\\slime_green.png": 1773576397.2610903
}